text,label
organization is dedicated to providing you with highquality products and helping you to achieve better health organization is one of online stores which really care for their reputation and you dont have to be afraid of being scammed verified by organization and sell fda approved drugs only,1
all the many neighbors in the energy industry appreciate this further utilitization of gas resources ah the wonders of hydrocarbons my question for name is how long did it take you to count the referencenumber mosquito carcasses my request for name is please keep away from our house as we do not need a mosquito magnet drawing them over to our place in honesty though the mosquitos were really bad when it was wet out but i havent seen one in weeks maybe the problem is just people opening doors and windows to the cooler weather and letting them in the house time to check those screens initials there are several websites mostly distributed by gas companies it runs on propane attracts mosquitoes then sucks them into a net where they die from dehydration you change the tanks and the net and a special attractant agent every wks its safe for kids and the environment i caught referencenumber the st week after the floods about referencenumber most of the times afterwards theoretically mosquitoes stay in a local area check out the websites name re emca mosquitoes mosquito magnet please explain decribe does it really work organization re emca mosquitoes i bought a mosquito magnet it works wonders expensive but good name bomar emca mosquitoes i hate to do this and do not want to put anyone out but i need some help the mosquitoes are terrible it is hurting me to look at name my son any more as the number of bites on him have gone into the double digits i cannot imagine that we are the only ones suffering from these nasty little pests and i want to do something about it if any of you have time tomorrow can you do me this can you call organization and help me complain i figure that if a whole load of us start calling they wont be able to ignore us their number is phonenumber i get a recording when i call but their hours are time so maybe we can talk to a live person tomorrow thank you for helping me and ultimately helping everyone best regards name to unsubscribe from this group send an email to emailaddress your use of yahoo groups is subject to the yahoo terms of service to unsubscribe from this group send an email to emailaddress your use of yahoo groups is subject to the yahoo terms of service yahoo groups sponsor advertisement to unsubscribe from this group send an email to emailaddress your use of yahoo groups is subject to the yahoo terms of service yahoo groups sponsor get your free credit report with a free creditcheck monitoring service trial url to unsubscribe from this group send an email to emailaddress your use of yahoo groups is subject to url,0
dear homeowner you have been preapproved for a home loan up to financialinfo at a financialinfo fixed rate this offer is being extended to you unconditionally and your credit is in no way a factor to take advantage of this limited time opportunity all we ask is that you visit our website and complete the minute post approval form sincerely name ps wrong number,1
writes author name date date mon apr new revision referencenumber websvn log create different smbconf file for the client side this should make use with samba or windows easier as well as environments hi name im not quite sure what you have in mind and i dont know if this is relevant but just in case in libsmbclient we care about clientside configuration which may differ from the server configuration here in pseudo code is what it does try to load a personal smbconf file if success if that failed try to load the system smbconf file if lploaddynconfigfile success if that succeeded allow local changes by appending settings in their personal smbconfappend file this handles the case where one wants to have their own entire smbconf file but also where the systemwide smbconf file should be used but a few changes to its settings made for client use in smbconfappend cheers name,0
through took house brought paint book busy under egg warm tall mount caught point happen level reach small need six never lead matter came high help differ picture friend produce tell gas has lone more half room lead use glass circle true long good morning wait fast heart sing round meat air chart,1
referencenumber ethnic group group organization br organization organization organization image poptime address date financialinfo popplace address,1
txtaddname you will be feeling dancing by our med product range fast discreet delivery complete satisfaction more info here want to leave from this promotional campaign please visit our website to optout,1
had she castrated the phone in case of just such an expedition as this any atonal around three he had lapsed into a bout of useless screamingif there were consequences punishment he could face them with at least the understanding that he could have done nothing but what he had done but never escaped there were a few cans and bottles on it he heard the cherokees door open it was a huge thought awesome straightening up brought a fresh slough of pain and when the act was accomplished he could do no more than sit and pant for awhile his head tilted as far as the unc compromising back of the wheelchair would allow the bobbypin lying on the board across the chairs arms after all it was her single hesitant suggestion about the beesting which had shaped the book and given it its urgency when paul had firmly believed he could never feel urgent about misery again broil,1
organization delivers bringing you updates on special offers promotions and organization features unsubscribe you received this email because your account information indicates that you wish to be contacted about special offers promotions and organization features if you do not want to receive further mailings from organization delivers unsubscribe by clicking here or by replying to this email you may also modify your delivery options at any time to learn more about organizations use of personal information including the use of web beacons in htmlbased email please read our privacy policy organization is not responsible for the advertisers content and makes no warranties or guarantees about the products or services advertisedorganization delivers bringing you updates on special offers promotions and organization features unsubscribe you received this email because your account information indicates that you wish to be contacted about special offers promotions and organization features if you do not want to receive further mailings from organization delivers unsubscribe by clicking here or by replying to this email you may also modify your delivery options at any time to learn more about organizations use of personal information including the use of web beacons in htmlbased email please read our privacy policy organization is not responsible for the advertisers content and makes no warranties or guarantees about the products or services advertised,1
organization we never compromise on quality product replica is our speciality we guarantee lowest prices and highest quality we are the direct manufacturers for top quality product watchs pleas visit best regards name sweetish you chancel me send compress clatter acetone you afield me bustard cyst refutation cassock you cowl me arching educable you baggy me survive partial wane carib you refractory me hendrick eddy ahead octahedra naivete you sixteen me desperate contributor dairylea,1
thanks name i will buy a completed board for my project i dont foresee building a handy board from scratch any time soonre dont feel bad i felt the same way my background is in product programming and this is very very very different and frustrating to get started if you are still interested you should consider buying a board that is already assebled thats how i started yeah you spend more money but their is so much to learn that its hard to start at the bottom the handy board is the best easiest board around i know it doesnt feel that way now but once you get the hang of it you will be building your own boards you can always just put it aside and come back to it when you have the knowledge that you need i did that to what can i tell you i was green then again i think i still am when ever i talk to some of the people or read some of the emails its like wow all i know its how much i dont know yet if you still want to sell the boards let me know i would be interested good luck namefrom to sent date time call me a weenie im in over my head anyone in the market for a product product board only product board only product untouched didnt even start the project,0
there were a few accounts that were being delivered physical in the organization market pilot program accounts only we have moved all of these accounts back to organization however there are bills we should be receiving from organization on the past production dates that were pre and post filing mo re name i think we can get the majority of the unknown researched by tomorrow as for caiso name is paying these daily or weekly and should have a forecast of what is expected to be paid we arent getting bills to process as far as i know as for organization i dont think we are delivering until date so i dont know that we have any payables to date name can you confirm re name a few questions the counterparty organization is that organization or organization ruffer mary lynne yes when do you think that you would have the unknown researched i assume that the costs associated with organization or caiso are captured in the organization and ena payables thanks name here is the outstanding payables file see the tab called pivot the first column is labeled core markets the utilities listed under gas and power are the ones you provided the utilities under blank core markets are all the other utilities we have outstanding payables for in case you want to make sure we didnt miss anythingwould be a good idea we have sorted the payables into pre petition post petition both crossing pre and post dates and unknown we need to research the unknown bc they are manually paid but most sb pre we have columns for the organization amounts and non organization amounts please note that the split between gas and power for organization organization and organization is not completely accurate bc we didnt have the data call with questions thanks,0
i understand the part about motivated grad students or professors learning vb or dmdx scripting but doesnt that distract from what they really wantneed to do thats why i asked about a front end all they want to do is get an experiment up and running the scripting looks very powerful and functional to me as a programmer but seems like a lot of work to a psyc professor do they even use the brain hemisphere when they work i think dmdx is very good in terms of time it takes for you to get from complete beginner to running reasonably simple experiments obviously it helps a lot to have a decent techy around that can do the setting up and checking timimg etc you can nick bits of other folks scripts fairly easily which is why i made my tutorial pages on which once i have my thesis finished in a few weeks i will do a complete overhaul people just want to drive cars too theyre not interested in changing the oil or getting the car serviced of course in the early days of car travel being a carmechanic was considered quite high status name,0
brand url unsubscript please reply to emailaddress reply emailaddress,1
buy twentyone evil between inside become necessary become modern motherorganization we are the best price on all high quality meds established by a reputable canadian doctor and scientist express drugmarts mission is to provide you with a secure online environment to purchase the safest quality medicationproduct brand generic available as low as financialinfo a doseproduct brand generic available as low as financialinfo a doseproduct as low as financialinfo per dseproduct only financialinfo per dseproduct only financialinfo per dseproduct only financialinfo per dseproduct only financialinfo per dse product only financialinfo per dse product brand name only financialinfo per dse see what meds has special discountclick on this linkchanged page nervous am social nervous situation build perhaps motor away planning hard occasion,1
deceived worsening jeremiah subation gallinago pongo inanna apolemia sure brakemanshrimpfish valde seemingly anchorman abstain precede roomage caregiver corrode bohemian super cheaap softwares shiiip to all countrieswe have every ppular softwares u needyou name it we got it scarlet product my price financialinfo normal financialinfo you saave financialinfo product my price financialinfo normal financialinfo you saave financialinfo more more more softwares to choose from celestial we do have full range softwares product product product product product product executive product product product organization organization mcfee organization product organization organization organization organization organization organization organization organization softwares spying more ppular titles fr youcheckk out more popuar softwares on our siteguaaranteed super lw prce cick here to check out addresses toxemia secularism brutify caroler gimlet encroach hierarch africander negatory indiana freezer minutes gamete limpopo cahoots bountied headhunter,1
this is an automatically generated delivery status notification your message has been successfully relayed to the following recipients but the requested delivery status notifications may not be generated by the destination inline attachment follows at the request of name i am attaching our proposed form of nondisclosure agreement if the enclosed meets with your approval please execute the agreement and return it to me via fax no phonenumber i will then have it executed by organization if you have any comments or questions please call name senior counsel at or me at we look forward to hearing from you,0
revno revisionid emailaddress parent emailaddress committer name emailaddress branch nick tridge timestamp date message fixed manaul install dir for rpms modified filepath ctdbspecbiuhznabuwanzn modified file filepath filepath filepath cflagsrpmoptflags extra dgnusource configure prefixprefix sysconfdirsysconfdir mandirmandir localstatedirvar make showflags bindironnodessh bindironnodersh bindironnode mandirmanctdb mandirmanctdbgz includedirctdbh includedirctdbprivateh,0
organization daily feature is now available on url click here tech daily afternoon feature international roundup senior writer name looks at how address has taken a gamble on their g spectrum license holders click here to go directly to the feature htm today on url congress constantly updated tracking of key legislation economy former fed economist talks postterrorist fiscal policy to stop receiving these email alerts reply to this message and include the word unsubscribe without quotes in the body of the message organization is published daily by national journal group inc for more information about organizations publications go to,0
date date to organization members from name director regional affairs organization tel phonenumber fax phonenumber email emailaddress best business briefing on the asean region url re asean update save the date aseanus dialogue to be held in washington date organization to host asean summit date save the date aseanus dialogue date to be held in address the aseanus dialogue a governmenttogovernment forum led by the us department of state and the asean foreign ministries is the main channel for us government engagement with asean as a regional entity the dialogue covers a broad agenda of economic political and security issues the us official delegation will be led by name assistant secretary of state for east asia and the pacific representatives of the us commerce department and us trade representatives office will also participate the official asean delegation will include senior officials from all ten countries foreign ministries the organization takes the lead in coordinating us private sector input into the dialogue and we are encouraging members to take advantage of this forum which provides an opportunity for council members to brief both the us and asean governments on issues that affect business on a regional basis some of the issues that council members have raised at past dialogues include information technology electronic commerce regional customs issues air services liberalization the asean free trade area afta and other topics for your reference the highlights from the last aseanus dialogue held in date are on the councils web site at url statementhtm a formal invitation will follow within the next several days in the interim if your company is interested in participating please contact me asean summit date organization will host the th asean summit at which the ten asean heads of government will meet on date the summit will be followed by the asean summit and asean summits which will include the asean heads of government and their counterparts from organization organization and organization while much of the discussion will focus on cooperation against terrorism the economic portion of the summits agenda is expected to include a report by the aseanorganization experts group since last year this group has been undertaking a preliminary study on an aseanorganization free trade area and the group is expected to recommend that negotiations commence asean officials have indicated to us that the focus will be less on tariffs and more on joint economic cooperation nontariff barriers and other areas there are no significant new announcements expected regarding the asean free trade area afta and the asean investment area aia the official web site of the th asean summit can be found at url end memo if you need assistance in the region please contact organization address name tel phonenumber fax phonenumber email emailaddress organization address name tel phonenumber fax phonenumber email emailaddress organization address name tel phonenumber fax phonenumber email emailaddress,0
sensattional revolution in medicine enlarge your penis up to cm or up to inches its herbal solution what hasnt side effect but has guaranted results dont lose your chance and but know wihtout doubts you will be impressed with results clisk here immune worry continuity berglund adapt syllogism dawn bladdernut bait chordata presidential pun indecisive seminary surplus rev punitive meteoritic dung deceptive eros arragon cholinesterase curbside capillary cellular eutectic grilled eddy monogamous asher casebook evanston fleabane insulin meniscus bleeker alliterate grubby aniseikonic grocer oases hindmost racetrack sorensen vend claremont basso handline aforethought oilseed cern shulman instance,1
novedad la novedad en ingles unos de los mejores cursos para aprender ingles en casa en products cuadernos y manuales con este curso de ingles audiovisual en products manuales cuadernos manual y cuaderno por product los manuales y los cuadernos estan compilados en un product en formato pdf para ser imprimido con este curso aprenderas comodamente sentado en living tu casa sin necesidad de tener una computadora ya que lo podras reproducir en tu product de tu sala y verlo por la tv o bien en la product siempre y cuando la product tenga lectora de product contiene mas de clases de ingles este curso de ingles viene con men para que puedas elegir el cursos que quisieras que podras manejar con el control remoto del reproductor de product el metodo de aprendizaje de este curso es efectivo ya que esta creado para las personas que no tienen nociones del idioma y quieren aprender rapidamente o a las personas que se encuentran encuentran en paises de habla inglesa por lo tanto el aprendizaje tiene que ser rapido y efectivo aprenders a hablar en situaciones frecuentes de la vida como para poder vivir o entablar una charla como si estuvieras hablando en espaol ya que tendras practicas repasos verbales y escrito en un cursos para toda la familia este curso no es simplemente una pelicula que esta subtitulada en ingles este es un curso que esta dirigido por profesores ingleses que te hablaran en ingles y espaol con subtitulo tambin en ambos idiomas para poder aprender a la perfeccin como vocabulario situaciones en la calle supermercado en el aeropuerto escuela trabajo casa restaurante autobus taxi y muchisimas otras situaciones en cada nivel tenes vocabulario charlar preguntas y respuestas clase en aula virtual y practica llevate este fabuloso curso products product que contiene cuadernos y manuales uno por cada product a un precio increible financialinfo envio incluido si deseas mas informe envia un correo a emailaddress y esto no es todo por la compra del curso te enviamos uno de los obsequios que elijas de la siguiente lista escoja un obsequio nro traductor de idiomas para instalar en la product este traductor es para instalar en la product y con el cual podras traducir paginas web textos chatear al idioma espaol nro curso interactivo de product este curso esta dirigido a las personas que quieran aprender las nuevas herramientas del product el curso viene en product o products nro product todo en este en un revolucionario product con el cual esta preparado para optimizar al tu product desde el formateo muy facil de usar ya no necesitaras llamar a un tecnico para que formatee tu product lo podras hacer vos mismo v nro curso interactivo de mecanografia por fin podras aprender todo lo necesario para escribir a maquina correctamente con una velocidad de a pulsaciones pedidos al siguiente correo emailaddress asunto curso de ingles product el n de obsequio que desea indicando su nombre domicilio telfono fijo localidad y cdigo postal si deseas mas informe envia un correo a emailaddress con asunto mas informacion indicando su nombre y telfono fijo para no recibir mas correos por favor escribanos un correo a emailaddress y ser eliminado de nuestra lista,1
at time date time you wrote what i get is that when words are displayed above the picture the distance from the centre is much more approx cm more than when the words are displayed below the picture why is this happening the top of something displayed on line is the middle of the screen i have noticed another thing my screen is measurement high measured with a tape i have found out that when pictures are displayed their centre corresponds to the centre of the screen however when text is displayed by default ie not using the command in the script the imaginary line along the bottom of the text excluding letters that extend below like j and g is about measurement above the middle the screen ie measurement from the top rather than measurement how exactly is text centered by default displayrow screenheight rowno lineheight where displayrow is the top of the rectangle that bounds the text and lineheight is its height name initials x ascii ribbon campaign against html mail when you dont know what you are doing do it neatly,0
this is a multipart message in mime format dear all as name and i must return to law school in the fall we are on the hunt for a permanent executive director please circulate the enclosed announcement widely many thanks name executive director organization address address email emailaddress phone phonenumber our labs our drugs our responsibility organization job posting executive director organization organization is a coalition of students at top research institutions across the address and address our mission is to ensure every healthrelated innovation developed in campus laboratories is made available in the developing world at the lowest possible cost and increase the amount and impact of university research on neglected diseases organization grew out of a successful date campaign to increase access to a critical hivaids drug developed at organization since date organization steadily spread to over campuses across the country in the past year this grassroots studentled organization burst onto the national scene to capture the fastbuilding momentum and extraordinary growth organization seeks to hire a permanent executive director and a fulltime student fellow the executive director will be an energetic dynamic and committed individual who works closely with the student board to develop and advance organizations advocacy mission and to further the organizations financial and structural growth the ideal executive director will be an entrepreneur and a visionary someone excited about working with a group that has proven efficacy and great potential and building it into a powerful national movement key responsibilities include in conjunction with organizations student leadership and professional advisory board develop organizations national advocacy strategy work closely with student national management team for daytoday implementation of strategic plan direct organization rapidresponse efforts represent organization at relevant conferences and meetings build nurture and leverage institutional relationships and coordinate campaigns will allies oversee financial matters including fundraising and budgeting help mobilize and support grassroots student base in conjunction with organizations student communications director coordinate organizations press work and other public communications an ideal candidate will be a motivated creative leader and a selfstarter have two or more years of management experience experience with volunteer andor student management specifically will be considered a significant plus have a graduatelevel degree preferably in management a public policy law medical science or public health degree would also be considered a plus have advocacy experience including grassroots work lobbying andor press work have a proven fundraising track record have excellent interpersonal skills especially the ability to build and maintain strong relationships have strong writing and editing skills have a working knowledge of relevant issues including access to medicines intellectual property be willing to travel and work with students around the country prior membership in organization andor similar advocacy organizations will also be considered a significant plus this position is fulltime location of the position is negotiable but preferably address address address or address salary will be competitive based on experience with full benefits how to apply please send a resume cover letter and three references including one supervisor and one employeesupervisee to emailaddress applications will be considered on a rolling basis filename of type applicationpdf deleted organization mailing list emailaddress url,0
dear valued memberwith this letter we are presenting you one of the most popular canadian online drug stores organization is known for providing quality medications at ultra low prices your health and wellness is the main focus of our professional team and we are glad to offer you really top quality products to order your medications just click here and follow stepbystep instructions approach high security level fast and efficient servicespring discounts are availableyoursnamedear valued member with this letter we are presenting you one of the most popular canadian online drug stores organization is known for providing quality medications at ultra low prices your health and wellness is the main focus of our professional team and we are glad to offer you really top quality products to order your medications just click here and follow stepbystep instructions personal approach high security level fast and efficient servicespring discounts are available yoursname,1
and then go to the theatre and when i did i fell in love there was a second thought that never came to him unfortunately there is also a lot that can go wrong either because of poor technique or hardware malfunctions and when i give the word pull the cord on the right side flap heres where it starts to get interesting so to find a piece of information in a pefile for a specific rva you must calculate the offsets as if the file were loaded but skip according to the fileoffsets filename product the air felt fresh and cool as after a thunderstormand then go to the theatre and when i did i fell in love there was a second thought that never came to him unfortunately there is also a lot that can go wrong either because of poor technique or hardware malfunctions and when i give the word pull the cord on the right side flap heres where it starts to get interesting so to find a piece of information in a pefile for a specific rva you must calculate the offsets as if the file were loaded but skip according to the fileoffsets filename product the air felt fresh and cool as after a thunderstorm,1
referencenumber class infobox bordered style font size cellpadding styl,1
title monthly gas briefing a shift toward winter urls natural gas prices rebound as heating season approaches despite high storage levels with heating season coming the henry hub cash market has bounced back from early october lows to levels near financialinfo per mmbtu however weak market fundamentals including a sluggish economy and increased us and canadian supplies will mitigate the usual winter price rise organization expects an average henry hub price of financialinfo in date although inventories are close to record levels storage pressures are increasingly unlikely to drive cash markets down significantly this year gas demand will average percent lower than a year earlier residential and commercial sectors show a decline with a return to normal weather while a weak economy offsets the return of ammonia and dualfuel loads in the industrial sector regional storage inventories and weak regional demand should keep upward pressure off of regional differentials the northeast examines security issues around lng shipments end follow above url for complete report printed pages email category monthly briefing organization knowledge areas north american gas organizations autumn date roundtable event dates and agendas are now available at to make changes to your url profile go to forgot your username and password go to this electronic message and attachments if any contain information from organization organization which is confidential and may be privileged unauthorized disclosure copying distribution or use of the contents of this message or any attachments in whole or in part is strictly prohibited terms of use questionscomments copyright date cambridge energy research associates,0
discover the most reliable online store with the most competitive pricing visit organization now and get discount you dont have to purchase expensive american drugs anymore buy cheap and quality products in canada organization is your trustworthy source of drugs open hours days a week it offers really amazing discounts for each customer and you can make significant savings wide range of products discreet packaging confidentiality fast delivery make absolutely safe purchase with organization and enjoy summer discounts,1
revno referencenumber revisionid emailaddress parent emailaddress committer name emailaddress branch nick tridge timestamp thu date time message added admin commands to banunban nodes modified commonctdbmonitorc filename commonctdbrecoverdc filename includectdbh filename includectdbprivateh filename toolsctdbcontrolc filename diff too large for email referencenumber the limit is referencenumber,0
from name address address tel phonenumber please email me at emailaddress dearest i have a proposal for you this however is not mandatory nor will i in any manner compel you to honour against your will the situation i am presently facing has prompted me to contact you regarding this urgent request of mine actually i am miss name the only daughter of my late parents name my father was a highly reputable business tycoonin the sales of cocoa and cocoa plantation who operated in the capital of address during his days it is sad to say that he passed away mysteriously as he was piosoned during one of his business trips early last year though his sudden death was linked or rather suspected to have been masterminded by an uncle of his who went along at that time my mother died when i was just years old and since then my father took me so special prior to the time of his death he told me that he has the sum of eight million seven hundred thousand united state dollarsfinancialinfo left in one of the leading financesecurity company here in address he further told me that he deposited the money in a consignmentbox coded it to the security company as african artifacts so the security company is not aware that the content of the consignment he did this for the safety of the money i am just referencenumber and a high school undergraduate and really dont know what to do this is because i have suffered a lot of set backs as a result of incessant political crisis here in address the death of my father actually brought sorrow to my life i am in a sincere desire of your humble assistance in this regards your suggestions and ideas will be highly regarded now permit me to ask these few questions can you honestly help me as a guardian what proof can you give that i can i completely trust you what can i offer you from the total amount in the consignment as a percentage for your assistance in retrieving this consignment from the security company please consider this and get back to me as soon as possible thank you so much my sincere regards name please email me at emailaddress url pathfinder mobile logos ringtones url pv mail a ov pathfinder,1
author name date date wed may new revision referencenumber websvn log make it possible to not turn off dns canonicalization of hostnames with krbsetdnscanonicalizeyes needed for the drsuapi replication but we should fix this with a kdc locator plugin name modified changeset modified date rev date rev referencenumber dont do dns lookups of any kind it mightwill fail for a netbios name ret gsskrbsetdnscanonicalizefalse ret gsskrbsetdnscanonicalizelpparmbool krb setdnscanonicalize false if ret debuggenseckrbstart gsskrbsetdnscanonicalize failedn tallocfreegensecgssapistate modified date rev date rev referencenumber set options in kerberos krbsetdnscanonicalizehostnamesmbkrbcontextkrbcontext false krbsetdnscanonicalizehostnamesmbkrbcontextkrbcontext lpparmbool krb setdnscanonicalize false return,0
organization time lt timeutc a position at noon address address b dist from last noon nm c dist to go to next port nm d next port address date time e av windsea wind n sea n average speed kn rpm bog m fo consumed mt go consumed mt average vapor press average liquid temp tk bar c tk bar c tk bar c tk bar c tk bar c brgds name master lngc organization email emailaddress teleph inmarsat telno phonenumber fax inmarsat fax no faxnumber telex inmarsat b telex no referencenumber telex inmarsat c telex no referencenumber hrswatch,0
allow me please ene de gorushyanchaklets be having you addio,1
iso market participants sc settlements contacts as you are aware organization organization and the california power exchange organization have filed petitions for relief in the united states bankruptcy court that are the subject of ongoing proceedings as we have advised in prior market notices each of these parties is substantially in default of obligations prepetition andor postpetition incurred on its behalf in one of more of the iso markets the amounts owing have resulted in a substantial reduction in monies paid out by the iso to market participants accordingly market participants likely have claims or other legal rights they may wish to assert in either or both of the bankruptcy proceedings attached is a market notice that discusses the isos and market participants responsibilities to file such claims with the bankruptcy court market participants should consult their own legal counsel as to their respective rights and proofs of claims in the bankruptcy cases of the organization and organization,0
oneok inc stock quote notification daily closing stock quote for organization nysereferencenumber date time last price change open day high week high volume previous close day low week low financialinfo you are subscribed to organization investor relations email alerts as to update your email and alert preferences please click here to unsubscribe please click here organization address service provided by organizationstock quote notification daily closing stock quote for organization nysereferencenumber date time last price change open day high week high volume previous close day low week low financialinfo you are subscribed to organization investor relations email alerts as to update your email and alert preferences please click here to unsubscribe please click here organization address service provided by organization,0
cambridge bored with your wife girlfriend or husband are they boring and bad in bed find someone new right now that wants to meet tonight and hook up for a good wild time millions of profiles many are local to your area find someone just for the night or meet your next wife many are just looking for an incredible lay for the weekend find someone new now oh and it doesnt cost anything to join in the fun the confidant daughter organization sweet when she crucial address name name name if you went glory name humblebengaliamplifytxtina name when she new name cluster haroldspinelaceequivocate things that congeal name emailaddress,1
hi name thanks for your suggestion i dont have a master build script i do it be hand through product and then use the backup feature of that if i want to move it im really looking for something that i can say to compare this database with this one and tell me what the differences are and it can give me something like tablecolumn has type varchar in db but type text in db tablecolumn is indexed in db but not in db tablecolumn does not exist in db table does not exist in db and also possibly a machine readable output format so i can process making db the same as db automatically although i think i may prefer to still make the change manually not sure of details yet but need options first obviously i may end up writing some or all of it myself but it seems like something someone else has probably done and it would save me time if its out there somewhere or at least a starting point such as the diff analysis cheers name name wrote name do you have a master build script for building the db structures we used to do this at a software company i worked at where we had to do reasonably frequent builds and changes to the db structure so we needed a build process to be fairly streamlined we would have separate create scripts for our db objects like tables triggers rarely used but still indices tablespaces etc then we would have a master script that would invoke each of the object scripts if you had it set up like this you could probably run a fairly quick diff on your object scripts using a glob with perl to find your diffs if you set it up to have a directory structure to sort scripts by db object type filename filename filename views etc then you can diff by subdir only run what you need to rebuild for an update i dont know if this helps or if this was already obvious to you thanks name on date at time name emailaddress wrote hi when im developing web applications i have a dev version of the scripts modules and database and a live version nothing new there im trying to automate the process of moving the dev site to the live site the dev sites are on a product server on my desk and the live sites on a product server in a data centre miles away ive written scripts to copy the scripts and modules and other associated files to my local machine and ftp them to the live server and these work fine however the final stage is to be able to bring the database structures into sync currently i keep a list of all the filename made and do this manually i also check the table strcutres by hand to be sure i didnt miss anything id like to find a way of comparing the two product database strcutures and getting a list of the differences anyone know of any modulesmethods for doing this thanks in advance name organization url organization is registered in address and address with company number referencenumber our vat registration number is financialinfo to unsubscribe email emailaddress for additional commands email emailaddress url to unsubscribe email emailaddress for additional commands email emailaddress url,0
start date date hourahead hour no ancillary schedules awarded no variances detected log messages parsing file filepath error retrieving hourahead price data process continuing,0
from organization international promotionsprize award dept ref referencenumber batch referencenumber referencenumber re winning notification final notice sirmadam we are pleased to inform you of the result of the lottery winners international programs held on the date by organization an organization sponsored by the government in address your email address attached to ticket number referencenumber with serial number phonenumber drew lucky numbers referencenumber which consequently won in the nd category you have therefore been approved for a lump sum pay out of financialinfo equivalent financialinfo congratulations due to mix up of some numbers and names we ask that you keep your winning information confidential until your claim has been processed and your money remitted to you this is part of our security protocol to avoid double claiming and unwarranted abuse of this program by some participants all participants were selected through a computer ballot system drawn from over referencenumber company and referencenumber individual email addresses and names from all over the world this promotional program takes place every date we hope with part of your winning you will take part in our end of year financialinfo international lottery drew for further instructions on how to file for your claim please contact our fiducial agent mr name email emailaddress phone no phonenumber remember that all winnings must be claimed not later than date after this date all unclaimed funds will be included in the next stake please note in order to avoid unnecessary delays and complications please remember to quote your reference number and batch numbers in all correspondence furthermore should there be any change of addresses do inform our agent as soon as possible congratulations once more from our members of staff and thank you for being part of our promotional program note anybody under the age of is automatically disqualified sincerely yours mrs name product ne please do not reply to this email contact your agent immediately for instant processing of your prize awards,1
hi how can i use data to forecast next time period value if data has been influenced by a change in legislation thank you mailing list please do read the posting guide and provide commented minimal selfcontained reproducible code,0
thank you tahir the mailing organization does not accept attachments but you can download the report here url name wrote picked textplain from multipartalternative a copy of the report is attached the suggestion of reducing patent life for metoosnew formulations pg is noteworthy however that is clouded by the idea of increasing patent terms to financialinfo or even financialinfo for groundbreaking vaccines provided they are sold at universally affordable prices to incentivise more innovation for creating novel which is not defined products to serve unmet medical needs tahir initiative for medicines access knowledge organization drugs industry economics not sustainable report name wednesday date the guardian url the pharmaceutical industry business model is economically unsustainable according to a report by accountants organization the study suggested drug companies reliance on heavy marketing of a few drugs in the hope of huge sales meant they were operationally incapable of acting quickly enough to produce innovative treatments demanded by global markets according to name the main author drug companies spend twice as much on research and development than years ago yet produce half as many drugs to of medicines in phase clinical trials the last stage now failed shares in pharmaceutical companies have not performed well sales and marketing costs have increased as have legal and regulatory constraints and the reputation of the industry has been tarnished by highprofile cases such as product organizations painkiller that has provoked thousands of lawsuits healthcare providers and payers are keen to reduce the amount they pay for treatment people are living longer but not necessarily healthier lives leading to predictions of a global pharmaceuticals market that will more than double in value to financialinfo by date dr arlington said the pharmaceutical industry would have to change to capitalise on these opportunities partly by shifting its investment focus towards research and less on sales and marketing it must focus mainly on the development of medicines that prevent or cure but in all cases the drugs will have to demonstrate tangible benefits and tackle unmet medical needs the pharmaceutical industry needed to come together with other relevant players governments patients and investors to discuss the best way forward one of his suggestions was that patent protection for drugs set at about years could be extended to a much longer period to incentivise the companies to produce more innovative drugs and sell them at a lower cost the report suggested expanding the pool in which companies fish for basic research to asia for example where research is less expensive or increasing cooperation with academia it also mentioned the need to transform the way companies performed rd by focusing on building a much better understanding of the disease itself to accelerate research there is some evidence that pharmaceutical companies are starting to change their research models organization for example today opens a financialinfo clinical imaging centre at hammersmith hospital in conjunction with imperial college and the medical research council organization said the facility would allow it to partner academia to use the latest advancements in imaging to better understand diseases and how to treat them speeding up the development of new drugs the report concluded the industry would have to move fast to make these changes or face another round of mergers and acquisitions with leading companies falling into private equity hands patent medicines the top pharmaceutical companies are expected to lose of their existing revenues by date as referencenumber expire organization will suffer the expiry of referencenumber for product and product the worlds bestselling medicine leading to the loss of about of its revenues organization is expected to shed about of its sales and organization sees the referencenumber of its two bestselling drugs product and product expire by date with a predicted loss of of revenues xattachmentid referencenumber filename of type filepath deleted organization mailing list emailaddress url name attorney emailaddress organization organization url url address tel phonenumber ext fax phonenumber organization mailing list emailaddress url,0
please use your date hedgestrips today the date remember to change the following dates on your run query tab prompt month date date days in month financialinfo bid week date date date thanks name ps please do not get into your hedgestrips date or date until time today thanks,0
name here are the postids officialised for the date post portfolio inserted modified id cd by by allowance username username coal username username eescanada name name ees name name regards name power month end procedures ramesh do you still have a list of users who calculated their books at the end of september as date instead of date name,0
on date name wrote on date time name wrote hi rolf two possible solutions displayipaddress r and then x should work without having to use xterm installpackagesproduct libraryproduct quartz it is clear that life is determined to frustrate me i had a look at cran just now and could find no sign of a package called product the list jumps from product to product no product of any flavour what gives also i tried setting the display probably incorrectly since i dont understand whats going on i used syssetenvdisplayipaddress r x and got the error message error in x x module cannot be loaded sorry just type displayipaddress r at the command prompt hadley mailing list please do read the posting guide and provide commented minimal selfcontained reproducible code,0
i am trying to select items from a table where the miles field is not null or blank and the below statement does not work does anyone have any suggestions datepeoplemilessavings sql select cobjectidcdateadded as datectotalpeople as people sql cmiles as miles ctotalsaved as savings sql from organizationorganization c sql where cmiles sql order by cdatestart name sorry to say but this is not a sql list rather a perl list however the correct statement needs to be where cmiles is null do you organization tired of spam organization mail has the best spam protection around url to unsubscribe email emailaddress for additional commands email emailaddress url,0
s j,1
it looks like the issue name is running into is a race condition thats been possible for quite some time in tearing the code apart there are actually two quite distinct mechanisms for or and or or c in the last frame of an item on most machines its a nonissue otherwise id have seen a lot more of it before now but sometimes the time that an items last frame occurs at for the purposes of can be one tick earlier than its supposed to be when you use the global if you use c in the last frame of every item results appear to be much more stable but item times are tick less than when using ill have to think about the correct way to fix this and make conventional functionality not change so in the interim use something like this d f vm press space to begin blue c blue c blue c blue c blue c blue c blue c the end every item will be taking ticks to execute instead of the that happen with because the next item is scheduled from the time that the frame that contains the c is displayed not the time that work for that item is finished in fact has never been a rigorous mechanism as far as i can tell on a very busy machine its always been possible for to be delayed name initials x ascii ribbon campaign against html mail i dont want to achieve immortality through my work i want to achive immortality by not dying name,0
organization alerts name alert name name name raises financialinfo shatters record date time time sen barack name reported sunday raising at least financialinfo for his presidential campaign from april through june a record for a democratic candidate full story you have agreed to receive this email from organization as a result of your organization preference settings to manage your settings click here to alter your alter your alert criteria or frequency or to unsubscribe from receiving custom email alerts click here refer a friend or colleague to organizations free personalized alerting service organization lllp one organization center address organization lp lllp a organization all rights reserved terms under which this service is provided to you read our privacy guidelines contact us,0
username bahasan copays name deberes crgr danites f cannys cowntess you will get some freebie for consultation rx and deliveryif only you purchase your meds here muscle relaxants wt loss antidepressants sexual health allergies antihiv sleeping aids and paain reliefmeet your critical eye prescription possible but not to where i cannot see youwalking in the back roads i dip my cup of soup from a gurglingcracking cauldron in some train yard names papaya rates higher than pineapple pumpkin or poy,1
challenge friends to organization crunch time football play organization crunch time now hey name its the big game youre down by and need to score in plays or less your friends defense however has other plans do you run a sweep or go for it all with the bomb in organization crunch time football you decide welcome to the internets firstever football game that via email pits you against a friend in an exciting do or die matchup you pick your plays your friend chooses his and both of you watch the results unfold in graphic playbyplay action so huddle up baby organization crunch time is fast fun and free play organization crunch time football you received this email because you registered on organization if you do not want to receive these special email offers you can unsubscribe by clicking this link url or by replying to this message with unsubscribe in the subject line you are subscribed as emailaddress although we are sending this email to you organization is not responsible for the advertisers content and makes no warranties or guarantees about the products or services advertised organization takes your privacy seriously to learn more about organizations use of personal information please read our privacy statement at urlurlchallenge friends to organization crunch time football play organization crunch time now hey name its the big game youre down by and need to score in plays or less your friends defense however has other plans do you run a sweep or go for it all with the bomb in organization crunch time football you decide welcome to the internets firstever football game that via email pits you against a friend in an exciting do or die matchup you pick your plays your friend chooses his and both of you watch the results unfold in graphic playbyplay action so huddle up baby organization crunch time is fast fun and free play organization crunch time football you received this email because you registered on organization if you do not want to receive these special email offers you can unsubscribe by clicking this link url or by replying to this message with unsubscribe in the subject line you are subscribed as emailaddress although we are sending this email to you organization is not responsible for the advertisers content and makes no warranties or guarantees about the products or services advertised organization takes your privacy seriously to learn more about organizations use of personal information please read our privacy statement at url,0
on date name wrote i need to remove decimal points from numbers for eg financialinfo or financialinfo would be just any suggestion is appreciated thank you sounds as if youre looking for int which is documented in the perlfunc manpage if thats not it someone can show you how to round floor ceil or whatever you need cheers name organization to unsubscribe email for additional commands email,0
do not decline your chance product the newest and most enchanting product for corpulent people is now available as you could see on name can you retain all the times when you plead to yourself to do anything for being rescued from this horrible fat luckily now no great price is to be paid with product the groundshaking you can achieve naturally health life style and a really slender figure notice what people say i had always led a marvelous life until last year a girl i was seeing told me i was obese and in need of being attentive to my health my life went the wrong way after that till i was told about product since loosing about financialinfo thanx to product my private lifes back on track better than before even thanks for the astonishing product and the topquality service keep up the helpful business name address nothing to compare with gliding into a bikini i have not worn for a long period of time now i feel slender determined and sturdy thanx to a great extent to product a lot of thanks to you name address check out product and you shall add yourself to the worldspread company of thousands of delighted user whore enjoying the revolutionary effects of product right now less gorging frenzy less lbs and more mirth in life proceed here to inspect our unbeatable product deals urlurlmelt away fat easily do not decline your chance product the newest and most enchanting product for corpulent people is now available as you could see on name can you retain all the times when you plead to yourself to do anything for being rescued from this horrible fat luckily now no great price is to be paid with product the groundshaking you can achieve naturally health life style and a really slender figure notice what people say i had always led a marvelous life until last year a girl i was seeing told me i was obese and in need of being attentive to my health my life went the wrong way after that till i was told about product since loosing about financialinfo thanx to product my private lifes back on track better than before even thanks for the astonishing product and the topquality service keep up the helpful business name address nothing to compare with gliding into a bikini i have not worn for a long period of time now i feel slender determined and sturdy thanx to a great extent to product a lot of thanks to you name address check out product and you shall add yourself to the worldspread company of thousands of delighted user whore enjoying the revolutionary effects of product right now less gorging frenzy less lbs and more mirth in life proceed here to inspect our unbeatable product deals url,1
in your message you said does anyone know if a piece of assembler code can call in c functions i would imagine that it would be done using a jsr instruction this message goes out especially to name thanks in advance interactive c does not support this capability name,0
dear friends i have just been informed that the deadline for the ieee international conference on fuzzy systems organization address date has been extended to date as you know the organizers are very much interested in having a good interval session at this conference they encourage us to send more submissions please check the conference webpage url for more details thaks a lot name subject fuzzieee from name emailaddress please contact your professional colleagues and inform them about the extended deadline we need to encourage more submissions thanks name manager information management organization address address address phone direct phonenumber phone board phonenumber tie line phonenumber fax phonenumber,0
please provide comments to the attached minutes by date if you approve as written please let us know regards name name executive assistant organization tel phonenumber fax phonenumber email emailaddress confidentiality notice the information contained in this email may be confidential andor privileged this email is intended to be reviewed by the individual or organization named above if you are not the intended recipient you are hereby notified that any review dissemination or copying of this email or its attachments if any or the information contained herein is prohibited if you receive this email in error please immediately notify the sender by return email and delete this email from your system thank you,0
new ticket created by name please include the string perl referencenumber in the subject line of all future correspondence about this issue the following code causes a segfault sub main main p new object pfoo end this is because the vtable methods in object assume a valid pointer to the objects internal representation which is only initialized in initpmc ive attached two patches solving the problem by implementing init the first of which creates an empty anonymous class for the object the second throws an exception when init is called i prefer the former because it follows the programmers instinct of what should happen a completely empty object is created name,0
guten tag namehey baby name,1
a gamepad sounds like the best option duh sometimes i miss the really obvious this is especially the case since ill be using the product to trigger my organization system i love this im saving a lot of money read over a grand in software and hardware costs and i am getting the best stimulus presentation capabilities possible this is great youve really outdone yourself this time name one more question will the clock speed of the computer matter much does a product have a lower error rate than a product assuming that the video card remains constant it seems like it might ill be making some decisions about equipment allocation so this info will be most helpful cheers initials at time you wrote at time you wrote how have people fared with standard joy sticks and game pads any recommendations here standard joysticks and gamepads with the rawjoystick input device are as good as a product identical as far as timing and cpu load are concerned better really as they require fewer parts to be bought and in most cases dont need an interface card as most machines have a joystick port already name initials name referencenumber phone phonenumber assistant professor fax phonenumber department of psychology organization mailtoemailaddress address url,0
ok call me on my cell later i think that we are going to go shopping and then we will meet you somewhere to drink re i guess so re i think that we are going to go workout and then we can all go somewhere is that ok re dinking i will meet you around time re thats not acceptable come play now ok so where can name and i go re i have to go back into lavos office in a few minutes then i have to go to lunch with name and one of our research guys from chicago i will be back around time come down here and visit me,0
date time timelocation search organization sport football ferguson unconcerned by injuries name is not worried by organizations lengthy injury list ahead of the champions league tie against organization hargreaves hails striker berbatov name tells organization sport organization striker name deserves his place in the team of the year ferguson sure referee was correct name says the referee was right not to award a penalty against organization on saturday golf muirfield seniors bow for faldo name will return to the scene of his and open wins for his seniors tour debut in july jacquelin ranking boosted by win frenchman name rises places to st in the world rankings issued after his asian open victory watney secures maiden pga victory american name wins his maiden pga tour title at the organization motorsport turkey to keep f race until formula one supremo name guarantees the future of the organization for at least the next years schoolboy makes f racing history a sussex schoolboy makes his motor racing debut and becomes the youngest driver in formula three history victorious stoner overhauls rossi name wins the turkish motogp to claim the overall world championship lead from name formula one turkey to keep f race until formula one supremo name guarantees the future of the organization for at least the next years bmw may offer heidfeld new deal names impressive start to the season could go a long way to landing a new deal with organization schumacher vows to answer critics name aims to turn around his season when his organization car is competitive again athletics yamauchi voices osaka heat fears name warns conditions in osaka at the world athletics championships will be even tougher than during the london marathon runner dies after london marathon a yearold runner who was taken ill after completing the london marathon dies in hospital lel wins london marathon thriller name outsprints his rivals to win the london marathon for the second time cycling tour will snub dopeprobe riders organization chief name says riders implicated in the spanish doping scandal will not be welcome at this years race landis lines up return to racing name will ride in events in the us this summer despite the ongoing doping inquiry into his organization win cavendish claims belgian success british cyclist name held off a worldclass field to win the organization in belgium fun and games comment spot of bother for name name on names claims of referees favouring organization mondays gossip column name supports organization plus other rumours holloway column names fiery and he says you what the bloke says financialinfo for a midget options and help you are subscribed from the email address emailaddress change to change your email address the content or format of your daily email visit url unsubscribe to unsubscribe visit url other emails to see the full range of emails available visit url help if you are having problems with story links or for general help visit url feedback please send feedback to emailaddress copyright organization,0
government including counterfeiting and money peopleat the organizationconsidered a grave threat to the united states and we at the organizationweakened at home after his republican party lost community he saidat the organizationand we will do our part name said ultimately the good of their people is to abandon its nuclear address to states or nonstate entities would be to be spread outside the countryto return to the negotiating table after a oneyear threenation asian trip which kicked off with a speechboycottconsequences of such action name said in the speech success of these talks depends on the regime in north,1
what causes a with the sonar routines i checked about all the connections that i could think of any help would be appreciated thank you name name organization emailaddress knowledge is power power is money knowledge is money,0
,1
im curious if there is any difficulty using the referencenumberreferencenumber in place of the referencenumber i notice they recommend an additional cap on the leads and im wondering if this is any problem regards name emailaddress,0
name please have someone in your group email myself and name with the fed reference number for each wire we send for delivery by time we need the reference number by time so we can call the counterpart and sooth their nerves it will tenuous for a little while until we build their confidence that we will consistently pay thanks for your help name,0
it was another epic adventure in lake tahoe as we had it goin on the skiing was great the scenery fine and the laughs gut wrenching name and i almost fell off the lift at squaw valley from names cutting edge humor here are the top ten lines from ski trip ichibanor is it ichibob hey turch put the yellow side up they must only let you guys out once a year my puppies are burnin oh name name name one time come onone time hey name whats that dirty tshirt doing on the floor alright name well take you to mcnamealds come right now right now i make big big big offa yan can cook ski trip is tentatively scheduled for date the venue will be address more details coming this fall give me a call for more information and mark your calendars now name real estate administration manager organization south franklin street chicago il phonenumber phonenumber it was another epic adventure in lake tahoe as we had it goin on the skiing was great the scenery fine and the laughs gut wrenching name and i almost fell off the lift at squaw valley from names cutting edge humor here are the top ten lines from ski trip ichibanor is it ichibob hey turch put the yellow side up they must only let you guys out once a year my puppies are burnin oh name name name one time come onone time hey name whats that dirty tshirt doing on the floor alright name well take you to mcnamealds come right now right now i make big big big offa yan can cook ski trip is tentatively scheduled for date the venue will be address more details coming this fall give me a call for more information and mark your calendars now name real estate administration manager organization south franklin street chicago il phonenumber phonenumber,0
here is my product site b,0
name you can do this with the package gstat look for krige of predictgstat post further question on this topic on the rsiggeo list youll get more response cheers thierry ir name organization research institute for nature and forest cel biometrie methodologie en kwaliteitszorg section biometrics methodology and quality assurance gaverstraat geraardsbergen belgium tel phonenumber do not put your faith in what statistics say until you have carefully considered what they do not say name a statistical analysis properly conducted is a delicate dissection of uncertainties a surgery of suppositions name oorspronkelijk bericht van mailto namens name verzonden date aan onderwerp r conditional sequential gaussian simulation hello im wondering if there are any packagesfunctions that can perform conditional sequential gaussian simulation im following an article written by name name name and name modeling of the spatial variability of biogeochemical soil properties in a freshwater ecosystem ecological modelling and would like to explore this methodology thanks name name friedman phd everglades division senior environmental scientist landscape ecology organization gun club road west palm beach florida email office phonenumber fax phonenumber if you are not doing what you truly enjoy its your obligation to yourself to change alternative html version deleted mailing list please do read the posting guide and provide commented minimal selfcontained reproducible code mailing list please do read the posting guide and provide commented minimal selfcontained reproducible code,0
ffffbbffffeffffcffffbffffbaffffbffffcfffffffffbbffffe p beeyh zcxzig,1
highest quality at lowest prices at our shop mens health product soft tabsproduct professionalproduct soft tabs product bestsellergeneric product product product productproduct weight loss productpure natural productpremium diet patchliposafelipothin general health product bestseller pure okinawan productproductproduct have you ever stopped to wonder how much an average man pays for his mediecinespainkillers drugs to improve the quality of life weight reducing tablets and many more whats worse the same mediucine costs a lot more if it is brandedvisit online pharmacy store now,1
fw date small hydro inventorydate small hydro inventory name we have looked at our inventory of small hydro that was available during the time we sold you the hydro resource in date and date of date we had more than enough inventory of mw hydro available for the time of the sale so you are welcome to use that label for the mw we sold you the spreadsheet below contains the background information on the small hydro inventory available at the time hope this provides the additional clarification you need to describe what we sold you have a nice weekend name,0
severe watches and warnings for address loxcfwlox whus klox cfwlox coastal hazard message organization date high surf decreasing at the beaches surf could increase saturday afternoon through sunday evening surf is decreasing at the beaches this evening and has fallen below advisory criteria howevera rapidly approaching trough of low pressure will move over the area through weekend possibly bringing an increase in surf once again caz oexpkloxsuytztz address address date high surf advisory will expire at time this evening the high surf advisory will expire at time this evening surf has fallen below advisory criteria and the advisory has been allowed to expire howevera rapidly approaching trough of low pressure will move over the area through weekend possibly bringing an increase in surf once again caz ocankloxcfstztz address address date surf has fallen below advisory criteria and the advisory has been allowed to expire howevera rapidly approaching trough of low pressure will move over the area through weekend possibly bringing an increase in surf once again hall click here choose another forecast enter a zipcode or a city state date organization all rights reservedaccuweathercom alerttm severe watches and warnings for address loxcfwlox whus klox cfwlox coastal hazard message organization date high surf decreasing at the beaches surf could increase saturday afternoon through sunday evening surf is decreasing at the beaches this evening and has fallen below advisory criteria howevera rapidly approaching trough of low pressure will move over the area through weekend possibly bringing an increase in surf once again caz oexpkloxsuytztz address address date high surf advisory will expire at time this evening the high surf advisory will expire at time this evening surf has fallen below advisory criteria and the advisory has been allowed to expire howevera rapidly approaching trough of low pressure will move over the area through weekend possibly bringing an increase in surf once again caz ocankloxcfstztz address address date surf has fallen below advisory criteria and the advisory has been allowed to expire howevera rapidly approaching trough of low pressure will move over the area through weekend possibly bringing an increase in surf once again hall choose another forecast enter a zipcode or a city state date organization all rights reserved,0
i dont like it but here it is name,0
fromname emailemailaddress phonephonenumber addressaddress address mandirecceo good day this letter is not intended to cause you any embarrassment in whatever form rather is in good faith from a family in dear need of assistancefollowing knowledge of your high repute andtrustworthiness is borne out of this difficultsituation that our family has been engulfed in sinceour father and bread winner of our family was forcedto relinquish his position my name is namethe elder son of mr name of address i got your contact through organization here in my search for reliablecompanypersonal account who can assist us intransferring this money out of address during the current war against farmers in addressfrom the support of our president name toclaim all the whiteowned farms to his party members and his followers he ordered all white farmers to surrender all their farms to his partymembers and his followersmy father is one of the best farmers in our country and because he did notsupport mugabes ideas mugabessupporters invaded myfathers farms and burnt everything in the farmkilled my father and took everthing he hardbeforehis deathhe had deposited with one of the securitycompany in address address the sum offinancialinfo after the death of our fatherwe decided to move tothe republic of south africa where he had depositedthe money in the security company as valuables it isin this regards that lmy mother and my two sistersdecided to contact overseas firm and companies thatwill assist us to move this money out of addressbecause as asylum seekers we are not allowed tooperate any bank account within address we haveagreed to offer you of the total sum for yourassistantwill be mapped out for any expenses thatmay be incurred in the courtesy of this transactionand will be for our family investment in yourcountry all i want you to do is to furnish me with your entirepersonal and fax numbers for easy communication youcan contact me on the above telephone and emailaddress note that this transaction is risk freeand absolutely confidential thanks and best regard name unbehalf of the family popup ads driving you nuts download msn toolbar its free url,1
hello there were some questions regarding warning messages in design library but no answer how to fix them what about use of storagemodex single is deprecated use mode instead what does it mean how to use properly simple model like m olsy a b c data somedata after specifying the model above warning message to use modex instead of storagemodex appears best name mailing list please do read the posting guide and provide commented minimal selfcontained reproducible code,0
hello i product some product product product pproductoduct using this syntax product cmd pproductoduct optionsecho false filename but the options doesnt product do you know why thanks product html product deleted emailaddproductess mailing list uproductl please do product the posting guide uproductl and product commented minimal selfcontained product code,0
while we may have high expectations of our associates we also give them high rewards imagine being part of a stable organization with a sterling reputation a place where the sydney car centre is an integral part of all that we do with our car centre personality youll not just succeed youll thrive and with our strong commitment to promoting from within youll definitely enjoy your rise to the top today the sydney car centre is looking for an industrious regional assistant to fasten the process of the delivery of customer payments to the suppliers the position offered is a parttime job and will only require from you to be available for hours a day as a regional assistant you will be supposed to operate with the payments from those customers based in your country you will be expected to accept transactions to your bank account every week make certain calculations about every transaction you will be precisely instructed about it transfer the funds to the suppliers by means of western unionmoney gram less your fee the charges of the western unionmoney gram you will be continuously communicating with the manager from the head office who will instruct you give advice regarding every new payment the ideal candidate will be industrious goaloriented person with the availability of a personalbusiness bank account suitable to be used for the company needs knowledge of english computer literacy and sociability are appreciated the company guarantees to pay net financialinfo fee out of the amount of every payment you dealt with and to provide you with the regular income flexible schedule all the related expenses you might have like the western unionmoney gram chargers related expenses on traveling are covered by the company the more detailed information is available on our website url where you can fill in the online application form for this position we would be glad to welcome you in our team we are looking forward to hearing from you as soon as possible yours sincerely rodger nicholson f referencenumber referencenumber referencenumber referencenumber referencenumber referencenumber referencenumber referencenumber referencenumber referencenumber referencenumber referencenumber referencenumber engine stack cwjl wl rm gu tdh referencenumber referencenumber referencenumber referencenumber referencenumber referencenumber referencenumber close referencenumber referencenumber referencenumber referencenumber referencenumber referencenumber referencenumber referencenumber referencenumber referencenumber referencenumber referencenumber referencenumber referencenumber referencenumber referencenumber referencenumber referencenumber referencenumber referencenumber referencenumber referencenumber referencenumber referencenumber referencenumber referencenumber referencenumber referencenumber referencenumber referencenumber referencenumber referencenumber referencenumber referencenumber referencenumber referencenumber referencenumber referencenumber referencenumber referencenumber referencenumber referencenumber referencenumber referencenumber bx referencenumber referencenumber api referencenumber referencenumber referencenumber referencenumber referencenumber referencenumber referencenumber referencenumber lrq referencenumber referencenumber api iyb akm f hfd referencenumber referencenumber referencenumber referencenumber referencenumber referencenumber referencenumber dec api api hex update og hex bi tbjr referencenumber referencenumber referencenumber referencenumber referencenumber referencenumber referencenumber stack referencenumber referencenumber referencenumber referencenumber referencenumber referencenumber referencenumber referencenumber referencenumber referencenumber referencenumber referencenumber referencenumber referencenumber referencenumber referencenumber include referencenumber referencenumber referencenumber referencenumber referencenumber referencenumber referencenumber referencenumber referencenumber referencenumber referencenumber stack referencenumber referencenumber referencenumber referencenumber referencenumber referencenumber referencenumber referencenumber referencenumber referencenumber referencenumber referencenumber referencenumber referencenumber referencenumber referencenumber referencenumber referencenumber referencenumber referencenumber referencenumber referencenumber referencenumber referencenumber nvv mg ibq exereferencenumber bnka referencenumber referencenumber referencenumber xvs referencenumber tmp qhx referencenumber referencenumber referencenumber referencenumber referencenumber referencenumber referencenumber,1
are you concentrating a lot on getting and keeping your erection try product you no longer have the anxiety over losing your erection at any moment and you can once again relax and concentrate on your partners pleasure,1
your wishes will be completed with our help really need for for many familiesbeneficial but should not be viewed three mornings resists he not be on par of free play time but so does living so many parents my greetings this is your chance to cure your healt we have various medicament that will aid you for the real men we have our special proposal just click here come on start a new life with our preparations has a what children skills daughter involved playtime can create about creating super children contribute tosuccessful children above all children are plopped in prepared by two one day a week and other play and yearold son in particular has mom and dad,1
on mon date at time name wrote i was thinking if it couldnt be better to use just one directory in the root of the filesystem and within it create a directory for each file where we want to write an alternate stream the idea would be to use the files inode as the dir name referencenumber and inside it the stream name as file name for the stream this way renaming or moving the file wouldnt loose the streams does it make sense thats a pretty good idea wed have to do some recursing up the tree to find the filesystem root of each share maybe we could do this at share connection time name,0
does product matter of organization said thay were unhappy with their lovers p product introducing the newest safest and most advanced solution in product enargment anywhere millions of men are already applying product product pathes daily and watching their product and drive go through the roof patches deliver the product into your system in a quicker and more efficient manner than a product ever could they are also safer and more discrete unreal price disounts we are offering for a imited time only go here now and get it every week sometimes oftener hed take turns writing to mother and i drove east on address but i didnt go home at address i turned north i opened the door beyond the kitchen and went through it with the gun,1
all your muscles are nothing if you cant be proud of your penis be proud of all the parts of your body with product url people judge your dick size by your shoes sizewith product you dont have to wearbigger shoes to make women think you have a huge dickyou can actually have it where they havent the checking system for luggage that i finally set to und meinem freunde no meinen freunden meines freundes well takeusernamewith product you will be ready for the moment when she slides her hand in your pants referencenumber url referencenumber with product you can wear a bandwhen you sleep when you party or whenever you feel like it referencenumber referencenumber referencenumber referencenumber referencenumber referencenumber referencenumber referencenumber referencenumber referencenumber referencenumber referencenumber referencenumber different when a german gets his hands on an adjective he declines it andkeeps on declining it until the common sense is all declined out of it itis as bad as latin he says for instanceconsider that that person is overdescribed well after the student has learned thesex of a great number of nouns,1
start date date hourahead hour time no ancillary schedules awarded no variances detected log messages parsing file filename error retrieving hourahead price data process continuing,0
vmughrwcmlohy llhvx ozzkv lh s tdrh eyss ohck ygm vv,1
hi name youll want to return the value whose slot you have modified setreplacemethodsetx foo functionthisvalue value this add this line name writes hi i have the code like i show below the problem here is that i have a setreplacementmethod to set the value of my class slot however this function doesnt work when i call it within another function definition declared by setmethod of the same class i do not understand this behavior that much im wondering how to make this work any help would be really appreciated thank you setclassfoo representationxdataframe ycharacter setgenericsetx functionthis value standardgenericsetx setreplacemethodsetx foo functionthisvalue value setgenericgenerateframe functionthis standardgenericgenerateframe setreplacemethodgenerateframe foo functionthis frame readcsvfilefilename headert read some input file frame this doesnt replace the value for me setxthis frame this doesnt replace the value for me frame instead i have to return the frame object foo functionxy objfoo newfoo xdataframenull y frame generateframeobjfoo after this point nothing got assigned to setxobjfoo frame this will work why do i have to duplicate this name alternative html version deleted mailing list please do read the posting guide and provide commented minimal selfcontained reproducible code name organization organization mailing list please do read the posting guide and provide commented minimal selfcontained reproducible code,0
as many of you already know we received approval from the ferc on friday and are scheduled to close in two days on wednesday date please take all necessary actions in order to accomplish that goal and advise immediately if a wednesday closing presents a problem regards name,0
at time date time you wrote hi all i am trying to run an azk file through analyze version and i get the following error message item file has noninstruction item numbers i have written a spc file using names help files as a guide and cant see anything obviously wrong with it does anyone have any suggestions it cant find any items with rts in them if you send us a small snippet of your azk file we can provide more details name initials x ascii ribbon campaign against html mail all things are possible except skiing thru a revolving door,0
at this site you can find terrific gifts for spring and summer many styles shop from our vast collection of handbags watches sterling jewelry today product product productproduct product product product product product product product product product product product product product product product product product product product product product product product product product product product product product product product product product product product product product product product product ive been dyin forlet your heart do all the talking username organization organization referencenumber username name that you will be there that you will be there dont say never dont say neverto all your dreams now,1
organization award team address million award thavenue name addressaddress ref referencenumber batch referencenumber dear lucky winner winning notification the prestigious organization and organization has set out and sucessfully organised a sweepstakes marking the new year date anniversary we rolled out over financialinfo eight million and five hundred thousand euro for our new year date anniversary draws participants for the draws were randomly selected and drawn from a wide range of web hosts which we enjoy their patronage the selection was made through a computer draw system attaching personalised email addresses to ticket numbers if you ignore this you will regret it later organization and organization are now the largest internet companies and in an effort to make sure that internet explorer remains the most widely used program organization and organization are running an email beta test your email address as indicated was drawn and attached to ticket number referencenumber with serial numbers referencenumber and drew the lucky numbers referencenumber which subsequently won you eight hundred and fifty thousand euro as one of the jackpot winners in this draw you have therefore won the entire winning sum of eight hundred and fifty thousand euro the draws registered as draw number one was conducted in address address address on the date these draws are commemorative and as such special please be informed by this winning notificationto file your claimsyou are to make contact with your designated agent who shall by duty guide you through the process to facilitate the release of your prizeto file for your claim please contact your fiduciary agent emailemailaddress phone phonenumber organization promotion award team you are advised to contact your fiduciary agent with the following process to avoid unnecessary delays and complications upon the reciept of the transfer or delivery of your winning certificate you should send us your personal contact phone number so the bank or courier company can contact you of the duelly filled claims form our lawyer will notify the board management bm so as to give approval to our paying bankcourier and diplomatic company the permission to make it to you by phone and email thank you for being part of this promotional award program our special thanks and gratitude to name and his associateswe wish you the best of luck as you spend your good fortunethank you for being part of our commemorative draws sincerely mr name organization promotion team miles de amigos con tus mismas aficiones url,1
i received my order yesterday and i am so grateful im very pleased that my order came that quickly your pills make miracles with my sexual life thank you so much also for having such a good client support system i am a satisfied customer name address address you live only one try it now world wide fast shipping no doctor visits no prescriptions customer satisfaction cheapest price verified by product product pills free for erery order order now and save over myself in regard to it would be useful recommendations which it recommended by to have looked at your it would be useful standpoint which factors is that no compensation are providing a variety of by either the fsa or grant us the sloe grant us the sloe grant us the sloei received my order yesterday and i am so grateful im very pleased that my order came that quickly your pills make miracles with my sexual life thank you so much also for having such a good client support system i am a satisfied customer name address address you live only one try it now world wide fast shipping no doctor visits no prescriptions customer satisfaction cheapest price verified by product i agra pills free for every order order now and save over to advice relating fos with reference by either the fsa or standpoint which as regulated products a consequence of these by either the fsa or services in china myself in regard to myself in regard to is not obliged to you have spoken your splits,1
the best price in watches the best replicas you have seen url low prices and overnight shipping save now with the best replicas online full k gold product product product product and more this is your chance dont miss it organization maillist emailaddress url,1
on date name wrote oh so it goes through each and every character in the original string passed i thought it takes in the string as one entity and just captures the first digit it can does p make it iterate over each character no the ple causes it to write the code like this loop while sdlength x eg the g on the end of the regex causes it to apply the pattern multiple times the e on the end of the regex makes it treat the replacement like code instead of a string to unsubscribe email for additional commands email,0
hello name do you have any particular objection to lmerusername username username datausername familypoisson name on thu date at time name wrote hi rusers i have username username of counts of parasites username before and after an experiment username i am trying to treat the three username as a random effect in order to determine if the main effect username significantly influences my dependent variable username after the variance explained by the username is accounted for i have tried lmerusername username usernameusernamedatausername familypoisson generalized linear mixed model fit using pql formula username username username username data username family poisson aic bic loglik deviance random effects groups name variance stddev corr username intercept username residual number of obs groups username fixed effects estimate std error t value intercept username correlation of fixed effects intr username there were warnings use warnings to see them warnings warning messages estimated variancecovariance for factor username is singular in lmeoptx mer value cv nlminb returned message false convergence in lmeoptx mer value cv but as name pointed out this is inappropriate bc i am trying to use distinct username to estimate variancecovariance parameters it wont work notice that the estimated correlation is your estimated variancecovariance matrix is singular i have also tried glmmpqlusername username random usernameusername family poisson data username error in glmmpqlusername username random username username object username not found and r cannot find username if anyone has any suggestions they would be extremely appreciated cheers name emailaddress mailing list url please do read the posting guide url and provide commented minimal selfcontained reproducible code name department of mathematics and statistics tel phonenumber address fax phonenumber url url emailaddress mailing list url please do read the posting guide url and provide commented minimal selfcontained reproducible code,0
date time were glad you got our email we have an important message for your regarding mortgage rates you may be able to afford dream house awesome news huh find out how much you can afford we have rates as low as financialinfo address unsubscribe the preceding advertisement was sent from organization if you would like to stop receiving advertisements from organization in the future please optout here you may also contact us via postal mail at our address organization address unable to see graphics please go here toview this email addressunsubscribe the preceding advertisement was sent from organization if you would like to stop receiving advertisements from organization in the future please optout here you may also contact us via postal mail at our address organization address,1
organization bezoekadres address postadres address from government accredited licensed lottery promoters winning notice for category a winner dear winner we are pleased to inform you of the result of the lottery winners international programs held on the dateyour email address attached to ref number referencenumberlni batch number referencenumber ticket number referencenumber which consequently won in the nd category you have therefore been approved for a lump sum pay out of financialinfo financialinfo we ask that you keep your winning information confidential until your claims has been processed and your money remitted to you this is part of our security protocol to avoid double claiming and unwarranted abuse of this program by some participants all participants were selected through a computer ballot system drawn from over company and individual email addresses and names from all over the world this promotional program takes place every three years this lottery was promoted and sponsored by ebusiness companies and we hope with part of your winning you will take part in our next millionusd international lottery to file for your claim please contact our office for any assistance necessary note your fudicial processing and legal aid is sky low agent mr name email emailaddress remember all winning must be claimed not later than weeks from the date of receipt of notification after this date all unclaimed funds will be included in the next stake please note in order to avoid unnecessary delays and complications please remember to quote your reference number and winning code in all correspondence furthermore should there be any change of address do inform the legal director congratulations once more from our members of staff and thank you for being part of our promotional program sincerely yours mrs name initials lottery coordinator mail sent from webmail service at organization,1
act now while the price is still low username asvpcurr price financialinfo day target price financialinfoaction aggresive buyhold all signs show that this one is going to explode see bullish news online right now username call brokeract now while the price is still low username asvpcurr price financialinfo day target price financialinfoaction aggresive buyhold all signs show that this one is going to explode see bullish news online right now username call broker,1
access to a better computer disc provider who can give you larger value have economic way to have disc installed or upgraded the perfect quality of the discs will make your computer run smoothly and happily discs for computer operation system office administration security and many others are accessible at the cyber store waiting for your selection rock bottom expense accessible for best selling discs you shouldnt miss the chance to have larger values your inquiry will always be responded timely and warmly experience the speedy distribution log onto the site and explore great application systems s daughter young as she was knew how to manage him he used to laugh and let her have her way sh with whom e was now twelve years old and strongly built she loo ated above themthey were even lighter and jurgen was on very friendly terms and they both more delicate than t he flowers from whichthey were born and as the flames were extingu they might ished and nothingremained of the paper but black ashes these little beings danced uponit after tu took service in t,1
the promotions director organization accredited licensed agent address address visiturl address email lottery be international sweeptakes batch numberreferencenumber credited file numberreferencenumber attention to winners in our program sirmrs we wish to congratulate you over your success in our computer balloting sweepstake held on the date in which email addresses were used it is a promotional program aimed at encouraging internet users therefore you do not need to buy ticket to enter for ityour email address attached to ticket number with serial number referencenumber drew lucky numbers referencenumber which consequently won in the st categoryyou have therefore been approved for a lump sum pay of financialinfo one million euros congratulations this is from a total cash prize of financialinfo euros shared among the thrity international winners in this categorycongratulationsdue to mix up of some numbers and nameswe request that you keep the entire details of your award strictly from public notice until the process of transferring your claims has been completed and your funds remitted to your accountthis is part of our security protocol to avoid doubleclaiming and unwarranted abuse of this program by some participantsall participants were selected through a computer ballot system drawn from over financialinfo company and financialinfo individual email addresses and names from all over the worldthis promotional program takes place every yearthe lottery was promoted and sponsored by the software corporation to compensate some few individuals with website and email addresseswe also wish to bring to your notice of our next year premium stakes draw where you stand a chance of winning up to fifty million euros we hope that with a part of your prize you will participate in it your fund is now deposited with in a bank under a fixed deposit bond policy insured to you by our financial agentto file for your claim please contact our financial agenteu foriegn operations managermr nameemailemailaddress or emailaddress telphonenumber remember allwinning must be claimed not later than th of june after this date all unclaimed funds will be included in the next stake please note in order to avoid unnecessary delays and complications please remember to quote your credited file number and batch numbers in all correspondence please attach your phone and fax numberfurthermore should there be any change of address do inform our agent as soon as possible congratulations once more from our members of staff and thank you for being part of our promotional program sincerely yours lotto coordinator mrs name book yourself something to look forward to in cheap flights url bargain holidays url book yourself something to look forward to in cheap flights url bargain holidays url,1
you have to use posixct classes to include datetime objects into data frames strptime returns an object of class of posixlt when you do the cbind it automatically converts test into posixct you probably want bsampspltimeasposixctstrptimetestformatdby hm but please be aware of timezone issues when using posixct classes these documents may help url also changes in behavior of posixt classes since the aforementioned r news publication url url name emailaddress wrote dear all i am trying to convert to posixct after pasting a date and a time in character format with strptime it is probably obvious but i dont understand why i get an error message after bsampspltimestrptimetestformatdby hm whereas i can get what i want if i do it in steps and rbinding thanks and best regards jeanlouis this is the r console output bsampreadtablebsamplcsvheadertsep namesbsamptolowernamesbsamp bsampupdatabsampdropcstudy input object size bytes variables dropped variable study new object size bytes variables bsampvisitdatascharacterbsampvisitdat bsampsamtimeascharacterbsampsamtime bsampadmtimeascharacterbsampadmtime bsampdelayascharacterbsampdelay testpastebsampvisitdatbsampsamtime test date date date date date date date date date date date date date date date date date date mars mars mars bsampspltimestrptimetestformatdby hm erreur dans dataframetmp spltime value listsec numeric le tableau de remplacement a lignes le tableau remplac en a teststrptimetestformatdby hm bsampcbindbsamptest bsamptest date centre de leurope date centre de leurope date centre de leurope date centre de leurope heure dt date centre de leurope date centre de leurope date centre de leurope date centre de leurope heure dt date centre de leurope date centre de leurope date centre de leurope date centre de leurope heure dt date centre de leurope date centre de leurope date centre de leurope date centre de leurope heure dt date centre de leurope date centre de leurope na sessioninfo r version ipcmingw locale lccollatefrenchfrancelcctypefrenchfrancelcmonetaryfrenchfrancelcnumericclctimefrenchfrance attached base packages stats graphics grdevices utils datasets methods base other attached packages car rcolorbrewer gplots gdata gtools lattice hmisc acepack rwinedt emailaddress mailing list url please do read the posting guide url and provide commented minimal selfcontained reproducible code emailaddress mailing list url please do read the posting guide url and provide commented minimal selfcontained reproducible code,0
